,Unnamed: 0,gender,race_ethnicity,parental_level_of_education,lunch,test_preparation_course,math_score,reading_score,writing_score,Total_score,Average
791,791,female,group D,some college,free/reduced,none,60,66,70,196,65.33333333333333
143,143,male,group A,high school,standard,none,57,43,47,147,49.0
880,880,male,group C,bachelor's degree,standard,completed,63,64,66,193,64.33333333333333
339,339,female,group D,some high school,free/reduced,completed,35,55,60,150,50.0
992,992,female,group D,associate's degree,free/reduced,none,55,76,76,207,69.0
104,104,male,group C,some college,standard,completed,98,86,90,274,91.33333333333331
290,290,male,group C,associate's degree,standard,none,76,70,68,214,71.33333333333333
948,948,male,group B,some high school,free/reduced,completed,49,50,52,151,50.333333333333336
84,84,male,group D,high school,free/reduced,none,42,39,34,115,38.333333333333336
321,321,female,group E,high school,standard,none,75,86,79,240,80.0
248,248,female,group B,high school,standard,none,65,64,62,191,63.66666666666666
200,200,female,group C,associate's degree,standard,completed,67,84,86,237,79.0
993,993,female,group D,bachelor's degree,free/reduced,none,62,72,74,208,69.33333333333333
51,51,male,group E,associate's degree,free/reduced,completed,77,69,68,214,71.33333333333333
467,467,male,group A,high school,free/reduced,completed,72,67,65,204,68.0
313,313,female,group C,associate's degree,free/reduced,completed,68,67,69,204,68.0
128,128,male,group D,master's degree,standard,none,82,82,74,238,79.33333333333333
835,835,female,group C,high school,standard,completed,60,64,74,198,66.0
368,368,female,group A,some high school,free/reduced,none,44,64,58,166,55.333333333333336
479,479,male,group E,associate's degree,standard,none,76,71,67,214,71.33333333333333
223,223,male,group D,some high school,standard,none,86,80,75,241,80.33333333333333
11,11,male,group D,associate's degree,standard,none,40,52,43,135,45.0
369,369,female,group D,some high school,standard,none,73,84,85,242,80.66666666666667
167,167,female,group B,master's degree,free/reduced,completed,58,76,78,212,70.66666666666667
858,858,male,group B,high school,standard,completed,52,49,46,147,49.0
60,60,male,group E,bachelor's degree,free/reduced,completed,79,74,72,225,75.0
637,637,female,group D,some high school,standard,completed,80,92,88,260,86.66666666666667
785,785,female,group B,some high school,standard,completed,32,51,44,127,42.333333333333336
9,9,female,group B,high school,free/reduced,none,38,60,50,148,49.333333333333336
322,322,female,group C,some college,standard,none,71,81,80,232,77.33333333333333
350,350,female,group B,bachelor's degree,standard,none,52,65,69,186,62.0
619,619,male,group C,associate's degree,free/reduced,completed,65,73,68,206,68.66666666666667
132,132,male,group E,some college,free/reduced,completed,87,74,70,231,77.0
846,846,male,group C,master's degree,standard,completed,91,85,85,261,87.0
582,582,female,group D,bachelor's degree,free/reduced,none,63,73,78,214,71.33333333333333
89,89,female,group D,some high school,standard,none,73,86,82,241,80.33333333333333
589,589,female,group A,some high school,standard,none,48,66,65,179,59.66666666666666
825,825,male,group C,high school,standard,none,62,67,58,187,62.333333333333336
262,262,female,group C,some high school,free/reduced,none,44,50,51,145,48.333333333333336
204,204,male,group C,some college,standard,none,59,41,42,142,47.333333333333336
800,800,male,group C,some high school,standard,completed,67,73,68,208,69.33333333333333
595,595,female,group C,bachelor's degree,standard,completed,56,79,72,207,69.0
782,782,female,group B,high school,free/reduced,completed,76,85,82,243,81.0
382,382,male,group C,master's degree,free/reduced,none,79,81,71,231,77.0
913,913,female,group C,bachelor's degree,free/reduced,completed,47,62,66,175,58.333333333333336
166,166,male,group C,high school,free/reduced,completed,53,51,51,155,51.66666666666666
503,503,female,group E,associate's degree,standard,completed,95,89,92,276,92.0
100,100,male,group B,some college,standard,none,79,67,67,213,71.0
828,828,female,group D,some high school,free/reduced,completed,69,86,81,236,78.66666666666667
399,399,male,group D,some high school,standard,none,60,59,54,173,57.66666666666666
116,116,female,group B,bachelor's degree,free/reduced,none,75,85,82,242,80.66666666666667
902,902,female,group A,high school,free/reduced,completed,34,48,41,123,41.0
549,549,male,group C,master's degree,standard,none,79,72,69,220,73.33333333333333
327,327,male,group A,some college,free/reduced,none,28,23,19,70,23.33333333333333
164,164,female,group E,master's degree,standard,none,81,92,91,264,88.0
873,873,male,group E,associate's degree,free/reduced,none,90,90,82,262,87.33333333333333
23,23,female,group C,some high school,standard,none,69,73,73,215,71.66666666666667
542,542,female,group C,associate's degree,standard,none,81,77,79,237,79.0
642,642,female,group B,some high school,free/reduced,none,72,81,79,232,77.33333333333333
656,656,male,group C,associate's degree,free/reduced,none,77,67,64,208,69.33333333333333
584,584,female,group D,some college,standard,none,69,77,77,223,74.33333333333333
461,461,male,group B,some college,free/reduced,none,54,54,45,153,51.0
556,556,female,group C,associate's degree,standard,completed,55,72,79,206,68.66666666666667
394,394,female,group C,some high school,standard,completed,65,74,77,216,72.0
910,910,male,group D,bachelor's degree,free/reduced,none,50,42,48,140,46.66666666666666
906,906,male,group B,high school,standard,none,57,48,51,156,52.0
147,147,male,group C,associate's degree,free/reduced,none,73,68,66,207,69.0
510,510,male,group D,some college,standard,none,76,71,73,220,73.33333333333333
459,459,male,group B,high school,standard,completed,72,65,68,205,68.33333333333333
227,227,male,group D,high school,standard,none,57,50,54,161,53.66666666666666
378,378,female,group A,some high school,standard,none,71,83,77,231,77.0
343,343,male,group D,associate's degree,standard,completed,67,72,67,206,68.66666666666667
806,806,female,group D,some college,free/reduced,none,64,74,75,213,71.0
462,462,female,group E,some college,standard,none,71,70,76,217,72.33333333333333
276,276,female,group C,some high school,standard,completed,85,92,93,270,90.0
393,393,male,group C,associate's degree,standard,completed,57,54,56,167,55.66666666666666
853,853,male,group E,some high school,standard,none,82,67,61,210,70.0
560,560,female,group D,some college,standard,completed,74,75,79,228,76.0
954,954,female,group C,some college,standard,none,62,69,69,200,66.66666666666667
798,798,male,group E,some college,standard,none,69,60,54,183,61.0
888,888,female,group D,some college,free/reduced,none,69,65,74,208,69.33333333333333
44,44,female,group E,associate's degree,free/reduced,none,50,56,54,160,53.333333333333336
520,520,male,group D,some college,standard,none,71,49,52,172,57.333333333333336
727,727,male,group E,some high school,standard,completed,68,51,57,176,58.66666666666666
26,26,male,group B,some college,standard,none,69,54,55,178,59.333333333333336
854,854,male,group C,some high school,standard,none,62,64,55,181,60.333333333333336
250,250,male,group A,some high school,standard,completed,47,49,49,145,48.333333333333336
446,446,male,group D,some college,free/reduced,none,69,66,60,195,65.0
815,815,male,group B,some high school,standard,completed,94,86,87,267,89.0
773,773,female,group C,bachelor's degree,free/reduced,none,62,78,79,219,73.0
592,592,male,group E,bachelor's degree,standard,none,68,68,64,200,66.66666666666667
527,527,female,group C,high school,free/reduced,none,36,53,43,132,44.0
645,645,female,group B,bachelor's degree,standard,completed,65,81,81,227,75.66666666666667
547,547,male,group C,high school,standard,completed,72,67,64,203,67.66666666666667
796,796,male,group D,high school,standard,none,70,70,70,210,70.0
701,701,female,group B,some high school,standard,none,57,67,72,196,65.33333333333333
491,491,female,group C,associate's degree,standard,none,64,64,70,198,66.0
48,48,female,group D,associate's degree,free/reduced,completed,57,74,76,207,69.0
651,651,female,group A,high school,standard,completed,68,80,76,224,74.66666666666667
841,841,male,group C,some high school,standard,none,64,58,51,173,57.66666666666666
640,640,male,group D,high school,standard,none,41,52,51,144,48.0
357,357,female,group C,some college,free/reduced,completed,42,66,69,177,59.0
596,596,male,group B,high school,free/reduced,none,30,24,15,69,23.0
833,833,female,group B,high school,standard,completed,77,82,89,248,82.66666666666667
896,896,male,group B,high school,free/reduced,none,36,29,27,92,30.666666666666668
206,206,male,group E,bachelor's degree,standard,none,82,62,62,206,68.66666666666667
422,422,female,group D,master's degree,free/reduced,completed,47,58,67,172,57.333333333333336
228,228,male,group A,some high school,free/reduced,none,68,72,64,204,68.0
818,818,female,group B,high school,free/reduced,none,60,72,68,200,66.66666666666667
840,840,female,group D,high school,free/reduced,none,39,52,46,137,45.66666666666666
953,953,male,group C,high school,standard,completed,58,52,54,164,54.66666666666666
871,871,female,group C,some college,standard,completed,70,72,76,218,72.66666666666667
240,240,male,group D,high school,free/reduced,completed,73,68,66,207,69.0
156,156,female,group E,high school,free/reduced,completed,66,74,78,218,72.66666666666667
875,875,male,group C,some college,free/reduced,none,80,64,66,210,70.0
470,470,female,group C,associate's degree,standard,completed,83,85,90,258,86.0
693,693,female,group D,associate's degree,standard,none,77,77,73,227,75.66666666666667
468,468,female,group A,high school,free/reduced,completed,77,88,85,250,83.33333333333333
620,620,female,group C,high school,free/reduced,none,35,61,54,150,50.0
272,272,female,group D,associate's degree,free/reduced,none,47,53,58,158,52.66666666666666
870,870,male,group B,high school,standard,none,59,58,47,164,54.66666666666666
917,917,female,group C,high school,standard,none,44,61,52,157,52.333333333333336
146,146,male,group B,some high school,standard,none,88,84,75,247,82.33333333333333
849,849,male,group D,associate's degree,standard,none,80,75,69,224,74.66666666666667
861,861,female,group E,master's degree,free/reduced,none,81,86,87,254,84.66666666666667
249,249,male,group C,high school,standard,none,68,60,53,181,60.333333333333336
102,102,female,group D,associate's degree,standard,none,85,91,89,265,88.33333333333333
980,980,female,group B,high school,free/reduced,none,8,24,23,55,18.33333333333333
389,389,male,group D,master's degree,standard,none,73,70,75,218,72.66666666666667
947,947,female,group D,some college,free/reduced,none,49,58,60,167,55.66666666666666
628,628,male,group D,some college,free/reduced,none,49,57,46,152,50.66666666666666
6,6,female,group B,some college,standard,completed,88,95,92,275,91.66666666666669
729,729,male,group C,some college,standard,none,53,39,37,129,43.0
882,882,female,group B,high school,free/reduced,none,64,73,71,208,69.33333333333333
293,293,female,group E,bachelor's degree,standard,none,65,73,75,213,71.0
125,125,female,group B,high school,standard,none,87,95,86,268,89.33333333333333
54,54,female,group C,some high school,free/reduced,completed,71,84,87,242,80.66666666666667
46,46,female,group A,associate's degree,standard,completed,55,65,62,182,60.66666666666666
226,226,female,group C,some college,standard,none,72,72,71,215,71.66666666666667
298,298,male,group C,high school,free/reduced,completed,40,46,50,136,45.333333333333336
39,39,male,group B,associate's degree,free/reduced,none,57,56,57,170,56.66666666666666
688,688,male,group A,high school,free/reduced,none,53,58,44,155,51.66666666666666
176,176,female,group B,high school,free/reduced,completed,46,54,58,158,52.66666666666666
724,724,male,group B,some college,standard,none,47,43,41,131,43.66666666666666
258,258,female,group B,some college,standard,none,70,75,78,223,74.33333333333333
933,933,male,group C,bachelor's degree,free/reduced,completed,70,75,74,219,73.0
216,216,female,group E,associate's degree,free/reduced,completed,83,86,88,257,85.66666666666667
937,937,female,group E,high school,free/reduced,none,57,58,57,172,57.333333333333336
988,988,female,group A,some high school,free/reduced,none,44,45,45,134,44.66666666666666
673,673,female,group C,associate's degree,standard,completed,65,84,84,233,77.66666666666667
409,409,male,group D,associate's degree,standard,completed,87,84,85,256,85.33333333333333
768,768,female,group D,some high school,standard,none,68,71,75,214,71.33333333333333
329,329,female,group B,some high school,standard,none,41,55,51,147,49.0
413,413,male,group B,some high school,standard,completed,63,67,67,197,65.66666666666667
999,999,female,group D,some college,free/reduced,none,77,86,86,249,83.0
192,192,female,group B,some high school,standard,none,62,64,66,192,64.0
641,641,female,group D,associate's degree,free/reduced,completed,74,88,90,252,84.0
945,945,female,group C,associate's degree,standard,none,54,61,58,173,57.66666666666666
745,745,male,group D,associate's degree,standard,none,72,79,74,225,75.0
562,562,male,group C,bachelor's degree,standard,completed,96,90,92,278,92.66666666666669
559,559,male,group D,some high school,standard,none,73,66,62,201,67.0
838,838,male,group B,associate's degree,free/reduced,completed,58,57,53,168,56.0
274,274,male,group B,some college,standard,completed,88,85,76,249,83.0
654,654,female,group B,some high school,standard,none,73,79,79,231,77.0
126,126,male,group B,some high school,standard,none,72,68,67,207,69.0
478,478,female,group D,master's degree,standard,none,55,64,70,189,63.0
61,61,male,group A,some high school,free/reduced,none,39,39,34,112,37.333333333333336
383,383,female,group E,some high school,free/reduced,none,38,49,45,132,44.0
182,182,female,group E,high school,standard,none,50,50,47,147,49.0
938,938,male,group D,some college,standard,completed,85,81,85,251,83.66666666666667
437,437,male,group D,associate's degree,free/reduced,none,75,66,73,214,71.33333333333333
285,285,male,group B,associate's degree,standard,completed,81,82,82,245,81.66666666666667
897,897,female,group B,some high school,free/reduced,completed,63,78,79,220,73.33333333333333
79,79,female,group E,master's degree,standard,none,62,68,68,198,66.0
740,740,male,group D,bachelor's degree,standard,none,80,73,72,225,75.0
428,428,male,group A,some high school,free/reduced,none,65,59,53,177,59.0
59,59,female,group C,some high school,free/reduced,none,0,17,10,27,9.0
28,28,male,group C,high school,standard,none,70,70,65,205,68.33333333333333
358,358,male,group D,some college,free/reduced,none,59,62,61,182,60.66666666666666
668,668,male,group C,some college,standard,none,73,74,61,208,69.33333333333333
885,885,female,group C,associate's degree,standard,completed,62,76,80,218,72.66666666666667
517,517,female,group E,some college,standard,completed,66,74,73,213,71.0
384,384,female,group A,some high school,free/reduced,none,38,43,43,124,41.333333333333336
545,545,male,group E,some high school,free/reduced,completed,78,83,80,241,80.33333333333333
702,702,male,group A,bachelor's degree,standard,completed,87,84,87,258,86.0
25,25,male,group A,master's degree,free/reduced,none,73,74,72,219,73.0
317,317,male,group C,associate's degree,standard,none,83,72,78,233,77.66666666666667
372,372,male,group D,some high school,standard,none,74,74,72,220,73.33333333333333
118,118,female,group D,some high school,standard,none,51,63,61,175,58.333333333333336
677,677,female,group C,some high school,standard,completed,70,82,76,228,76.0
766,766,female,group C,high school,standard,completed,58,75,77,210,70.0
719,719,male,group E,associate's degree,free/reduced,completed,91,73,80,244,81.33333333333333
209,209,female,group B,some college,free/reduced,none,58,61,66,185,61.66666666666666
778,778,female,group A,some college,standard,completed,72,79,82,233,77.66666666666667
294,294,male,group D,high school,free/reduced,completed,78,77,80,235,78.33333333333333
963,963,female,group C,some high school,free/reduced,completed,65,76,75,216,72.0
627,627,male,group D,associate's degree,standard,none,61,48,46,155,51.66666666666666
18,18,male,group C,master's degree,free/reduced,completed,46,42,46,134,44.66666666666666
229,229,female,group C,some college,standard,completed,88,95,94,277,92.33333333333331
172,172,female,group D,some college,standard,none,79,86,81,246,82.0
887,887,male,group C,high school,free/reduced,none,54,72,59,185,61.66666666666666
395,395,male,group A,high school,free/reduced,none,48,45,41,134,44.66666666666666
412,412,male,group D,associate's degree,standard,none,71,66,60,197,65.66666666666667
962,962,female,group E,associate's degree,standard,none,100,100,100,300,100.0
325,325,female,group C,some college,standard,none,82,90,94,266,88.66666666666667
499,499,male,group E,some college,standard,none,76,71,72,219,73.0
305,305,male,group A,some college,standard,none,69,67,69,205,68.33333333333333
551,551,male,group B,bachelor's degree,free/reduced,completed,87,90,88,265,88.33333333333333
801,801,male,group C,some high school,standard,completed,76,80,73,229,76.33333333333333
32,32,female,group E,master's degree,free/reduced,none,56,72,65,193,64.33333333333333
951,951,female,group D,some college,standard,completed,75,77,83,235,78.33333333333333
706,706,male,group D,high school,standard,none,46,34,36,116,38.66666666666666
179,179,female,group D,some high school,standard,completed,97,100,100,297,99.0
772,772,female,group B,some high school,free/reduced,completed,52,67,72,191,63.66666666666666
820,820,female,group A,some high school,standard,completed,85,90,92,267,89.0
844,844,female,group D,some high school,free/reduced,completed,40,65,64,169,56.333333333333336
230,230,male,group D,some college,standard,none,76,64,66,206,68.66666666666667
767,767,male,group B,high school,standard,completed,76,62,60,198,66.0
506,506,male,group A,high school,standard,none,68,70,66,204,68.0
932,932,male,group D,associate's degree,free/reduced,completed,61,71,73,205,68.33333333333333
103,103,male,group B,high school,standard,completed,60,44,47,151,50.333333333333336
723,723,male,group C,high school,standard,none,50,48,42,140,46.66666666666666
734,734,female,group E,some college,free/reduced,none,53,58,57,168,56.0
131,131,male,group C,some high school,free/reduced,completed,53,37,40,130,43.333333333333336
408,408,female,group D,high school,free/reduced,completed,52,57,56,165,55.0
926,926,male,group E,associate's degree,free/reduced,none,64,56,52,172,57.333333333333336
900,900,male,group D,master's degree,standard,none,85,84,89,258,86.0
771,771,male,group D,bachelor's degree,standard,none,75,73,74,222,74.0
687,687,male,group D,associate's degree,free/reduced,none,77,78,73,228,76.0
929,929,female,group C,some high school,free/reduced,none,48,56,51,155,51.66666666666666
869,869,male,group C,associate's degree,free/reduced,none,49,51,51,151,50.333333333333336
476,476,male,group E,bachelor's degree,standard,completed,76,62,66,204,68.0
448,448,male,group B,high school,standard,none,47,46,42,135,45.0
525,525,male,group E,some college,standard,none,68,60,59,187,62.333333333333336
161,161,female,group E,some college,free/reduced,completed,75,88,85,248,82.66666666666667
392,392,male,group E,some college,standard,none,76,67,67,210,70.0
13,13,male,group A,some college,standard,completed,78,72,70,220,73.33333333333333
568,568,male,group B,high school,free/reduced,none,63,48,47,158,52.66666666666666
14,14,female,group A,master's degree,standard,none,50,53,58,161,53.66666666666666
685,685,female,group E,master's degree,standard,completed,94,99,100,293,97.66666666666669
588,588,female,group C,some college,standard,none,54,64,65,183,61.0
153,153,male,group D,bachelor's degree,standard,none,54,49,47,150,50.0
915,915,female,group E,some college,standard,none,68,70,66,204,68.0
138,138,female,group C,associate's degree,standard,none,59,66,67,192,64.0
22,22,male,group D,some college,standard,none,44,54,53,151,50.333333333333336
353,353,female,group C,associate's degree,standard,none,46,58,57,161,53.66666666666666
758,758,female,group D,some college,free/reduced,completed,52,59,65,176,58.66666666666666
273,273,female,group D,some college,standard,none,65,70,71,206,68.66666666666667
283,283,female,group D,some college,free/reduced,completed,70,78,78,226,75.33333333333333
821,821,female,group D,bachelor's degree,free/reduced,none,78,90,93,261,87.0
91,91,male,group C,high school,free/reduced,none,27,34,36,97,32.333333333333336
977,977,male,group C,associate's degree,standard,none,62,65,58,185,61.66666666666666
217,217,female,group C,high school,free/reduced,none,34,42,39,115,38.333333333333336
696,696,female,group C,associate's degree,standard,completed,75,82,90,247,82.33333333333333
813,813,male,group E,some high school,standard,completed,87,84,76,247,82.33333333333333
57,57,male,group D,associate's degree,standard,none,52,55,49,156,52.0
359,359,female,group D,some college,standard,none,80,90,89,259,86.33333333333333
436,436,male,group D,associate's degree,standard,none,75,68,64,207,69.0
306,306,male,group E,some college,standard,completed,99,87,81,267,89.0
872,872,male,group B,associate's degree,standard,completed,82,84,78,244,81.33333333333333
344,344,male,group D,some college,standard,none,79,73,67,219,73.0
188,188,male,group B,some high school,free/reduced,none,48,52,45,145,48.333333333333336
202,202,male,group C,associate's degree,standard,none,69,77,69,215,71.66666666666667
82,82,male,group A,some college,free/reduced,completed,50,47,54,151,50.333333333333336
186,186,male,group E,high school,standard,none,80,76,65,221,73.66666666666667
753,753,female,group C,some high school,standard,completed,77,90,85,252,84.0
149,149,male,group E,associate's degree,free/reduced,completed,100,100,93,293,97.66666666666669
792,792,male,group D,high school,free/reduced,none,66,74,69,209,69.66666666666667
73,73,male,group C,some high school,free/reduced,none,61,57,56,174,58.0
603,603,male,group D,high school,free/reduced,none,60,57,51,168,56.0
812,812,female,group C,master's degree,standard,completed,54,64,67,185,61.66666666666666
935,935,male,group D,some college,free/reduced,none,70,63,58,191,63.66666666666666
50,50,male,group E,some college,standard,none,53,55,48,156,52.0
284,284,female,group B,some high school,standard,none,37,46,46,129,43.0
326,326,male,group C,some college,standard,none,61,61,62,184,61.333333333333336
139,139,male,group D,some college,standard,completed,71,61,69,201,67.0
550,550,male,group C,some high school,free/reduced,none,79,76,65,220,73.33333333333333
728,728,female,group D,high school,free/reduced,none,73,92,84,249,83.0
528,528,female,group D,bachelor's degree,free/reduced,none,29,41,47,117,39.0
851,851,female,group A,high school,standard,none,61,68,63,192,64.0
836,836,male,group E,high school,standard,none,73,64,57,194,64.66666666666667
405,405,female,group C,some high school,standard,none,63,73,68,204,68.0
923,923,female,group B,associate's degree,free/reduced,none,54,65,65,184,61.333333333333336
939,939,male,group D,some high school,standard,completed,77,68,69,214,71.33333333333333
134,134,male,group D,bachelor's degree,free/reduced,completed,74,79,75,228,76.0
74,74,male,group C,some high school,standard,none,49,49,41,139,46.333333333333336
410,410,female,group D,master's degree,standard,completed,70,71,74,215,71.66666666666667
663,663,female,group C,high school,standard,none,65,69,67,201,67.0
312,312,male,group D,bachelor's degree,standard,completed,67,61,68,196,65.33333333333333
449,449,male,group B,associate's degree,standard,none,81,73,72,226,75.33333333333333
251,251,female,group D,some college,free/reduced,none,71,83,83,237,79.0
388,388,female,group D,high school,standard,none,62,64,64,190,63.333333333333336
346,346,male,group B,some college,standard,none,62,61,57,180,60.0
681,681,male,group B,high school,standard,none,60,68,60,188,62.66666666666666
318,318,male,group B,bachelor's degree,standard,none,63,71,69,203,67.66666666666667
135,135,male,group C,bachelor's degree,standard,none,58,55,48,161,53.66666666666666
35,35,male,group E,associate's degree,standard,completed,81,81,79,241,80.33333333333333
984,984,female,group C,some high school,standard,none,74,75,82,231,77.0
299,299,male,group D,associate's degree,free/reduced,none,90,87,75,252,84.0
336,336,male,group D,some high school,standard,completed,76,70,69,215,71.66666666666667
705,705,male,group A,bachelor's degree,free/reduced,none,62,72,65,199,66.33333333333333
168,168,female,group B,high school,standard,completed,68,83,78,229,76.33333333333333
608,608,female,group E,some college,standard,none,61,64,62,187,62.333333333333336
8,8,male,group D,high school,free/reduced,completed,64,64,67,195,65.0
416,416,male,group C,bachelor's degree,standard,completed,71,74,68,213,71.0
335,335,female,group B,some college,free/reduced,none,61,68,66,195,65.0
837,837,female,group A,high school,standard,completed,75,82,79,236,78.66666666666667
183,183,female,group D,associate's degree,standard,none,65,69,70,204,68.0
714,714,female,group B,some high school,standard,completed,60,70,74,204,68.0
750,750,male,group D,some high school,standard,completed,71,69,68,208,69.33333333333333
267,267,female,group D,high school,standard,none,69,72,77,218,72.66666666666667
301,301,male,group D,some high school,free/reduced,none,56,54,52,162,54.0
700,700,female,group E,bachelor's degree,standard,completed,79,81,82,242,80.66666666666667
108,108,female,group B,associate's degree,free/reduced,none,52,76,70,198,66.0
864,864,male,group C,associate's degree,standard,none,97,93,91,281,93.66666666666669
546,546,female,group A,some high school,standard,completed,92,100,97,289,96.33333333333331
113,113,female,group D,some college,standard,none,51,58,54,163,54.333333333333336
564,564,male,group B,bachelor's degree,free/reduced,none,48,51,46,145,48.333333333333336
781,781,female,group B,master's degree,standard,none,77,90,84,251,83.66666666666667
618,618,male,group D,master's degree,standard,none,95,81,84,260,86.66666666666667
890,890,female,group E,some college,standard,completed,86,85,91,262,87.33333333333333
275,275,male,group C,bachelor's degree,standard,none,83,78,73,234,78.0
201,201,female,group D,some college,free/reduced,none,65,81,77,223,74.33333333333333
684,684,male,group B,some college,standard,completed,62,66,68,196,65.33333333333333
122,122,female,group C,some college,standard,completed,88,93,93,274,91.33333333333331
190,190,female,group E,associate's degree,standard,none,66,65,69,200,66.66666666666667
731,731,male,group A,some high school,free/reduced,none,55,46,43,144,48.0
894,894,female,group E,associate's degree,standard,none,59,62,69,190,63.333333333333336
609,609,female,group B,associate's degree,standard,none,58,63,65,186,62.0
40,40,male,group C,associate's degree,free/reduced,none,55,61,54,170,56.66666666666666
341,341,female,group C,high school,standard,none,61,73,63,197,65.66666666666667
822,822,male,group E,some college,free/reduced,completed,49,52,51,152,50.66666666666666
703,703,female,group D,some college,standard,none,63,64,67,194,64.66666666666667
492,492,female,group C,some college,standard,none,83,83,90,256,85.33333333333333
783,783,female,group C,associate's degree,standard,completed,52,59,62,173,57.66666666666666
429,429,male,group C,some high school,free/reduced,none,68,63,54,185,61.66666666666666
425,425,female,group C,some college,free/reduced,none,62,67,62,191,63.66666666666666
579,579,female,group D,master's degree,standard,none,53,61,68,182,60.66666666666666
710,710,male,group C,some college,standard,completed,93,84,90,267,89.0
481,481,female,group D,associate's degree,free/reduced,none,52,59,56,167,55.66666666666666
123,123,male,group D,high school,free/reduced,none,63,57,56,176,58.66666666666666
532,532,male,group E,associate's degree,standard,completed,62,61,58,181,60.333333333333336
952,952,female,group E,some high school,free/reduced,none,74,74,72,220,73.33333333333333
159,159,male,group D,associate's degree,free/reduced,none,66,62,64,192,64.0
142,142,female,group E,some college,free/reduced,completed,42,55,54,151,50.333333333333336
239,239,male,group C,associate's degree,standard,none,84,80,80,244,81.33333333333333
611,611,female,group C,some college,standard,none,58,59,66,183,61.0
581,581,female,group E,some high school,standard,none,77,79,80,236,78.66666666666667
867,867,male,group B,associate's degree,standard,none,61,42,41,144,48.0
441,441,female,group D,high school,standard,none,78,81,80,239,79.66666666666667
259,259,female,group C,master's degree,free/reduced,completed,65,81,81,227,75.66666666666667
600,600,female,group D,master's degree,standard,none,54,60,63,177,59.0
904,904,female,group D,some high school,free/reduced,none,67,84,84,235,78.33333333333333
136,136,male,group B,some high school,standard,completed,51,54,41,146,48.66666666666666
345,345,female,group C,high school,standard,none,72,80,75,227,75.66666666666667
981,981,male,group D,some high school,standard,none,81,78,78,237,79.0
878,878,female,group D,some high school,standard,none,59,72,80,211,70.33333333333333
960,960,female,group A,some college,standard,none,56,58,64,178,59.333333333333336
291,291,male,group D,some high school,standard,none,86,73,70,229,76.33333333333333
537,537,female,group D,high school,standard,none,51,66,62,179,59.66666666666666
974,974,female,group A,some college,standard,none,54,63,67,184,61.333333333333336
774,774,male,group B,some college,standard,none,66,65,60,191,63.66666666666666
464,464,male,group A,bachelor's degree,standard,completed,75,58,62,195,65.0
455,455,male,group C,bachelor's degree,free/reduced,none,37,56,47,140,46.66666666666666
807,807,female,group E,high school,free/reduced,none,41,45,40,126,42.0
360,360,female,group B,high school,standard,none,58,62,59,179,59.66666666666666
424,424,male,group B,some college,free/reduced,none,41,39,34,114,38.0
407,407,female,group B,associate's degree,standard,none,82,80,77,239,79.66666666666667
966,966,male,group A,some high school,standard,completed,66,68,64,198,66.0
733,733,male,group D,some high school,standard,none,55,47,44,146,48.66666666666666
391,391,female,group D,some college,standard,none,77,68,77,222,74.0
150,150,male,group A,some high school,standard,completed,62,67,69,198,66.0
453,453,male,group C,some college,free/reduced,none,65,58,49,172,57.333333333333336
496,496,female,group C,some college,standard,none,54,48,52,154,51.333333333333336
707,707,male,group C,some college,standard,none,66,59,52,177,59.0
484,484,female,group B,associate's degree,standard,none,49,52,54,155,51.66666666666666
969,969,female,group B,bachelor's degree,standard,none,75,84,80,239,79.66666666666667
352,352,female,group C,some college,standard,completed,63,78,80,221,73.66666666666667
447,447,male,group C,high school,standard,completed,86,81,80,247,82.33333333333333
678,678,male,group D,associate's degree,free/reduced,none,81,75,78,234,78.0
931,931,male,group D,some college,free/reduced,none,62,57,62,181,60.333333333333336
20,20,male,group D,high school,standard,none,66,69,63,198,66.0
541,541,male,group D,associate's degree,free/reduced,completed,79,82,80,241,80.33333333333333
47,47,female,group C,high school,standard,none,66,71,76,213,71.0
614,614,female,group A,associate's degree,standard,none,82,93,93,268,89.33333333333333
735,735,male,group C,master's degree,standard,none,67,57,59,183,61.0
973,973,female,group D,some college,free/reduced,none,49,65,61,175,58.333333333333336
811,811,male,group A,high school,free/reduced,none,45,47,49,141,47.0
921,921,female,group C,high school,free/reduced,none,35,53,46,134,44.66666666666666
732,732,female,group C,some college,standard,completed,87,89,94,270,90.0
650,650,male,group C,some high school,free/reduced,completed,51,56,53,160,53.333333333333336
558,558,female,group B,associate's degree,free/reduced,none,53,70,70,193,64.33333333333333
119,119,female,group C,some college,standard,none,55,69,65,189,63.0
552,552,female,group B,associate's degree,standard,none,40,48,50,138,46.0
174,174,female,group C,bachelor's degree,free/reduced,completed,43,51,54,148,49.333333333333336
269,269,female,group E,some college,free/reduced,none,71,76,70,217,72.33333333333333
712,712,female,group D,some college,standard,none,98,100,99,297,99.0
565,565,male,group B,associate's degree,standard,none,48,43,45,136,45.333333333333336
148,148,female,group D,bachelor's degree,standard,completed,68,75,81,224,74.66666666666667
522,522,male,group D,bachelor's degree,standard,none,69,58,57,184,61.333333333333336
934,934,male,group C,associate's degree,standard,completed,98,87,90,275,91.66666666666669
222,222,female,group C,some high school,free/reduced,none,55,65,62,182,60.66666666666666
338,338,female,group B,some high school,free/reduced,none,24,38,27,89,29.666666666666668
328,328,male,group C,associate's degree,standard,completed,82,75,77,234,78.0
672,672,female,group C,some college,standard,none,69,78,76,223,74.33333333333333
157,157,male,group B,some college,free/reduced,none,60,60,60,180,60.0
375,375,male,group E,associate's degree,free/reduced,none,46,43,41,130,43.333333333333336
540,540,male,group C,high school,standard,completed,75,69,68,212,70.66666666666667
991,991,female,group B,some high school,standard,completed,65,82,78,225,75.0
834,834,male,group B,some college,standard,none,58,50,45,153,51.0
289,289,male,group E,some high school,standard,completed,77,76,77,230,76.66666666666667
746,746,male,group D,high school,standard,none,69,75,71,215,71.66666666666667
606,606,female,group C,associate's degree,standard,none,85,84,82,251,83.66666666666667
129,129,female,group A,bachelor's degree,standard,none,51,49,51,151,50.333333333333336
45,45,male,group B,associate's degree,standard,none,65,54,57,176,58.66666666666666
630,630,male,group D,some college,standard,none,67,64,70,201,67.0
515,515,female,group C,some high school,standard,completed,76,87,85,248,82.66666666666667
633,633,female,group C,high school,standard,none,75,88,85,248,82.66666666666667
402,402,female,group A,some college,free/reduced,none,49,65,55,169,56.333333333333336
874,874,female,group C,bachelor's degree,free/reduced,none,43,62,61,166,55.333333333333336
403,403,female,group D,high school,standard,completed,88,99,100,287,95.66666666666669
460,460,male,group C,bachelor's degree,free/reduced,none,53,58,55,166,55.333333333333336
187,187,male,group D,some high school,standard,completed,62,66,68,196,65.33333333333333
194,194,female,group C,master's degree,standard,completed,69,84,85,238,79.33333333333333
72,72,female,group A,associate's degree,free/reduced,none,41,51,48,140,46.66666666666666
911,911,female,group A,some college,standard,none,69,84,82,235,78.33333333333333
965,965,female,group D,some college,standard,none,62,70,72,204,68.0
616,616,female,group E,bachelor's degree,standard,none,37,45,38,120,40.0
90,90,female,group C,bachelor's degree,standard,none,65,72,74,211,70.33333333333333
469,469,male,group C,some college,standard,none,91,74,76,241,80.33333333333333
624,624,female,group E,bachelor's degree,free/reduced,none,61,58,62,181,60.333333333333336
442,442,female,group A,some high school,free/reduced,none,59,73,69,201,67.0
433,433,female,group A,some high school,free/reduced,none,47,59,50,156,52.0
504,504,female,group D,master's degree,free/reduced,none,40,59,54,153,51.0
692,692,female,group C,bachelor's degree,free/reduced,completed,66,74,81,221,73.66666666666667
457,457,male,group D,associate's degree,free/reduced,none,53,54,48,155,51.66666666666666
967,967,male,group C,some college,standard,none,63,63,60,186,62.0
271,271,male,group C,some college,standard,none,58,49,42,149,49.66666666666666
415,415,male,group E,high school,standard,none,84,73,69,226,75.33333333333333
121,121,male,group B,associate's degree,standard,completed,91,89,92,272,90.66666666666669
376,376,female,group D,some high school,standard,none,80,90,82,252,84.0
995,995,female,group E,master's degree,standard,completed,88,99,95,282,94.0
787,787,female,group B,some college,standard,none,19,38,32,89,29.666666666666668
302,302,female,group C,associate's degree,standard,completed,67,84,81,232,77.33333333333333
151,151,male,group A,bachelor's degree,standard,none,77,67,68,212,70.66666666666667
533,533,female,group E,associate's degree,standard,completed,79,88,94,261,87.0
827,827,female,group C,some high school,standard,none,65,69,76,210,70.0
323,323,female,group C,some high school,free/reduced,none,43,53,53,149,49.66666666666666
141,141,female,group C,some college,free/reduced,none,59,62,64,185,61.66666666666666
296,296,male,group A,some high school,standard,completed,46,41,43,130,43.333333333333336
400,400,female,group C,some high school,standard,completed,59,54,67,180,60.0
909,909,male,group E,bachelor's degree,standard,completed,70,64,70,204,68.0
755,755,female,group E,associate's degree,standard,none,84,95,92,271,90.33333333333331
850,850,male,group C,master's degree,standard,none,71,67,67,205,68.33333333333333
862,862,male,group D,bachelor's degree,free/reduced,completed,39,42,38,119,39.66666666666666
386,386,female,group E,bachelor's degree,standard,none,64,73,70,207,69.0
219,219,male,group B,some high school,standard,completed,61,56,56,173,57.66666666666666
303,303,male,group B,associate's degree,standard,none,80,76,64,220,73.33333333333333
334,334,female,group C,bachelor's degree,standard,none,83,93,95,271,90.33333333333331
512,512,male,group D,some high school,free/reduced,none,62,49,52,163,54.333333333333336
109,109,female,group B,some high school,standard,none,70,64,72,206,68.66666666666667
87,87,female,group D,associate's degree,standard,none,71,71,74,216,72.0
823,823,female,group B,high school,free/reduced,none,71,87,82,240,80.0
371,371,female,group C,some college,free/reduced,completed,45,73,70,188,62.66666666666666
877,877,male,group C,some high school,standard,none,57,61,54,172,57.333333333333336
597,597,male,group A,some high school,standard,none,53,54,48,155,51.66666666666666
279,279,male,group B,bachelor's degree,free/reduced,none,73,56,57,186,62.0
218,218,male,group B,high school,free/reduced,none,66,77,70,213,71.0
955,955,male,group E,associate's degree,standard,none,72,57,62,191,63.66666666666666
736,736,male,group C,associate's degree,standard,none,92,79,84,255,85.0
220,220,female,group D,high school,standard,completed,56,68,74,198,66.0
928,928,male,group E,associate's degree,free/reduced,completed,46,43,44,133,44.333333333333336
177,177,female,group C,associate's degree,standard,completed,71,77,77,225,75.0
80,80,female,group B,associate's degree,standard,none,47,49,50,146,48.66666666666666
879,879,female,group D,associate's degree,standard,none,64,76,74,214,71.33333333333333
863,863,female,group C,some college,standard,completed,71,71,80,222,74.0
669,669,male,group D,associate's degree,standard,completed,81,72,77,230,76.66666666666667
397,397,female,group C,associate's degree,standard,none,85,89,95,269,89.66666666666667
903,903,female,group D,bachelor's degree,free/reduced,completed,93,100,100,293,97.66666666666669
832,832,male,group A,bachelor's degree,standard,none,64,60,58,182,60.66666666666666
716,716,male,group C,associate's degree,standard,completed,73,78,72,223,74.33333333333333
58,58,male,group D,some college,standard,completed,58,59,58,175,58.333333333333336
1,1,female,group C,some college,standard,completed,69,90,88,247,82.33333333333333
629,629,female,group C,some high school,standard,completed,44,51,55,150,50.0
263,263,female,group E,high school,standard,none,99,93,90,282,94.0
848,848,female,group C,high school,standard,none,59,72,68,199,66.33333333333333
435,435,male,group C,some college,free/reduced,completed,50,48,53,151,50.333333333333336
421,421,female,group D,high school,standard,completed,57,58,64,179,59.66666666666666
936,936,male,group A,associate's degree,standard,none,67,57,53,177,59.0
430,430,male,group C,associate's degree,free/reduced,none,64,66,59,189,63.0
956,956,male,group C,some college,standard,none,84,87,81,252,84.0
761,761,female,group D,some high school,standard,none,48,58,54,160,53.333333333333336
95,95,male,group C,associate's degree,free/reduced,completed,78,81,82,241,80.33333333333333
12,12,female,group B,high school,standard,none,65,81,73,219,73.0
83,83,male,group E,associate's degree,standard,none,72,64,63,199,66.33333333333333
105,105,female,group C,some college,standard,none,58,67,72,197,65.66666666666667
494,494,female,group B,high school,standard,none,54,64,68,186,62.0
356,356,male,group A,associate's degree,standard,none,63,61,61,185,61.66666666666666
682,682,male,group B,high school,standard,none,62,55,54,171,57.0
193,193,male,group D,some college,standard,completed,77,62,62,201,67.0
943,943,male,group A,some high school,free/reduced,completed,61,62,61,184,61.333333333333336
252,252,female,group B,some high school,standard,completed,60,70,70,200,66.66666666666667
450,450,female,group C,some college,free/reduced,completed,64,85,85,234,78.0
757,757,male,group E,bachelor's degree,free/reduced,completed,70,68,72,210,70.0
586,586,female,group A,high school,standard,none,55,73,73,201,67.0
244,244,male,group D,some high school,standard,none,75,74,69,218,72.66666666666667
805,805,male,group A,some college,free/reduced,none,75,81,74,230,76.66666666666667
307,307,male,group C,some high school,standard,none,51,52,44,147,49.0
140,140,female,group D,some high school,standard,none,76,72,71,219,73.0
689,689,male,group E,some college,free/reduced,none,93,90,83,266,88.66666666666667
41,41,female,group C,associate's degree,standard,none,58,73,68,199,66.33333333333333
292,292,male,group C,some high school,standard,completed,63,60,57,180,60.0
665,665,female,group C,some high school,free/reduced,completed,50,60,60,170,56.66666666666666
744,744,male,group B,some college,free/reduced,none,55,55,47,157,52.333333333333336
686,686,male,group E,some college,standard,completed,85,75,68,228,76.0
261,261,male,group C,some college,standard,completed,79,79,78,236,78.66666666666667
115,115,male,group C,high school,standard,none,84,77,74,235,78.33333333333333
626,626,male,group B,associate's degree,free/reduced,completed,69,70,63,202,67.33333333333333
578,578,female,group B,some college,free/reduced,completed,48,56,58,162,54.0
776,776,female,group B,high school,standard,none,66,72,70,208,69.33333333333333
664,664,male,group D,associate's degree,standard,none,80,63,63,206,68.66666666666667
406,406,male,group B,associate's degree,standard,completed,65,65,63,193,64.33333333333333
507,507,male,group B,bachelor's degree,free/reduced,none,55,59,54,168,56.0
300,300,male,group A,some college,free/reduced,completed,81,78,81,240,80.0
280,280,male,group D,high school,standard,none,53,52,42,147,49.0
16,16,male,group C,high school,standard,none,88,89,86,263,87.66666666666667
333,333,male,group B,associate's degree,standard,none,90,78,81,249,83.0
743,743,female,group C,associate's degree,standard,completed,59,73,72,204,68.0
366,366,male,group C,high school,standard,completed,69,58,53,180,60.0
178,178,female,group B,master's degree,free/reduced,completed,52,70,62,184,61.333333333333336
97,97,female,group E,some college,standard,completed,63,72,70,205,68.33333333333333
571,571,male,group A,bachelor's degree,standard,none,91,96,92,279,93.0
574,574,female,group E,high school,standard,none,74,81,71,226,75.33333333333333
666,666,female,group C,some college,free/reduced,completed,63,73,71,207,69.0
625,625,male,group D,some college,standard,completed,100,97,99,296,98.66666666666669
925,925,male,group E,some high school,standard,completed,74,64,60,198,66.0
797,797,female,group E,associate's degree,free/reduced,none,70,84,81,235,78.33333333333333
543,543,female,group D,associate's degree,standard,none,82,95,89,266,88.66666666666667
511,511,male,group A,some high school,standard,none,64,50,43,157,52.333333333333336
340,340,male,group C,high school,free/reduced,none,58,61,52,171,57.0
205,205,male,group D,some high school,standard,completed,74,71,78,223,74.33333333333333
803,803,female,group B,some college,standard,none,82,85,87,254,84.66666666666667
601,601,female,group C,high school,standard,none,29,29,30,88,29.33333333333333
704,704,female,group B,some high school,free/reduced,completed,59,63,64,186,62.0
950,950,male,group E,high school,standard,none,94,73,71,238,79.33333333333333
53,53,male,group D,high school,standard,none,88,78,75,241,80.33333333333333
379,379,male,group A,bachelor's degree,standard,none,66,64,62,192,64.0
961,961,female,group D,some high school,free/reduced,none,48,54,53,155,51.66666666666666
501,501,female,group B,associate's degree,standard,completed,94,87,92,273,91.0
699,699,male,group C,high school,free/reduced,none,66,66,59,191,63.66666666666666
842,842,female,group B,high school,free/reduced,completed,23,44,36,103,34.333333333333336
538,538,male,group E,bachelor's degree,standard,completed,85,66,71,222,74.0
444,444,male,group A,some high school,free/reduced,none,79,82,73,234,78.0
676,676,female,group E,some college,standard,completed,73,78,76,227,75.66666666666667
236,236,male,group D,bachelor's degree,free/reduced,none,63,66,67,196,65.33333333333333
808,808,male,group C,high school,standard,none,90,75,69,234,78.0
946,946,male,group B,high school,standard,none,82,82,80,244,81.33333333333333
56,56,female,group E,associate's degree,standard,completed,82,85,86,253,84.33333333333333
130,130,male,group D,master's degree,standard,none,89,84,82,255,85.0
865,865,male,group D,some college,standard,completed,82,82,88,252,84.0
990,990,male,group E,high school,free/reduced,completed,86,81,75,242,80.66666666666667
789,789,female,group C,master's degree,free/reduced,none,52,65,61,178,59.333333333333336
817,817,male,group D,bachelor's degree,free/reduced,completed,61,70,76,207,69.0
489,489,male,group A,associate's degree,free/reduced,completed,79,82,82,243,81.0
361,361,male,group B,some high school,standard,completed,85,84,78,247,82.33333333333333
986,986,female,group C,associate's degree,standard,none,40,59,51,150,50.0
432,432,male,group C,high school,standard,none,61,56,55,172,57.333333333333336
852,852,female,group E,some college,standard,none,87,85,93,265,88.33333333333333
509,509,female,group C,bachelor's degree,standard,none,86,92,87,265,88.33333333333333
330,330,male,group C,high school,standard,none,71,60,61,192,64.0
764,764,male,group D,some college,standard,none,60,63,59,182,60.66666666666666
780,780,female,group D,associate's degree,free/reduced,none,46,56,57,159,53.0
916,916,male,group E,bachelor's degree,standard,completed,100,100,100,300,100.0
255,255,female,group E,some college,standard,none,62,73,70,205,68.33333333333333
348,348,male,group D,high school,free/reduced,none,75,74,66,215,71.66666666666667
351,351,male,group E,some college,standard,none,66,57,52,175,58.333333333333336
277,277,female,group E,high school,standard,completed,59,63,75,197,65.66666666666667
941,941,female,group D,master's degree,standard,none,78,91,96,265,88.33333333333333
320,320,female,group C,high school,free/reduced,completed,67,79,84,230,76.66666666666667
655,655,female,group B,some college,standard,none,62,67,67,196,65.33333333333333
43,43,male,group B,some college,free/reduced,completed,59,65,66,190,63.333333333333336
373,373,female,group D,some college,standard,completed,82,97,96,275,91.66666666666669
199,199,female,group B,bachelor's degree,free/reduced,none,78,79,76,233,77.66666666666667
548,548,female,group C,high school,free/reduced,none,62,67,64,193,64.33333333333333
907,907,female,group D,some college,standard,completed,79,84,91,254,84.66666666666667
959,959,male,group C,high school,standard,none,75,81,71,227,75.66666666666667
445,445,female,group C,some high school,standard,completed,67,74,77,218,72.66666666666667
117,117,female,group D,bachelor's degree,standard,none,78,82,79,239,79.66666666666667
621,621,male,group B,bachelor's degree,free/reduced,none,62,63,56,181,60.333333333333336
708,708,male,group D,high school,standard,none,89,87,79,255,85.0
927,927,female,group D,high school,free/reduced,completed,65,61,71,197,65.66666666666667
553,553,male,group D,some college,free/reduced,none,77,62,64,203,67.66666666666667
295,295,male,group B,associate's degree,free/reduced,none,67,62,60,189,63.0
972,972,female,group A,high school,free/reduced,completed,53,50,60,163,54.333333333333336
674,674,female,group D,high school,standard,completed,69,77,78,224,74.66666666666667
465,465,female,group C,some college,standard,none,84,87,91,262,87.33333333333333
31,31,female,group B,some college,standard,none,63,65,61,189,63.0
314,314,female,group C,bachelor's degree,standard,completed,59,64,75,198,66.0
711,711,female,group E,some high school,standard,completed,80,85,85,250,83.33333333333333
29,29,female,group D,master's degree,standard,none,62,70,75,207,69.0
440,440,female,group C,some college,standard,completed,67,81,79,227,75.66666666666667
78,78,female,group D,some high school,standard,completed,61,74,72,207,69.0
238,238,male,group B,some college,standard,none,54,52,51,157,52.333333333333336
924,924,male,group D,high school,free/reduced,none,74,70,69,213,71.0
652,652,female,group D,some college,standard,completed,85,86,98,269,89.66666666666667
213,213,male,group C,associate's degree,free/reduced,completed,60,51,56,167,55.66666666666666
742,742,female,group C,high school,standard,none,81,84,82,247,82.33333333333333
94,94,female,group B,some college,standard,none,79,86,92,257,85.66666666666667
245,245,male,group C,associate's degree,standard,none,85,76,71,232,77.33333333333333
287,287,female,group B,some high school,standard,none,67,89,82,238,79.33333333333333
631,631,male,group B,high school,standard,none,79,60,65,204,68.0
694,694,female,group C,some high school,standard,none,49,63,56,168,56.0
495,495,male,group D,high school,standard,completed,68,64,66,198,66.0
855,855,female,group B,bachelor's degree,standard,none,97,97,96,290,96.66666666666669
235,235,male,group D,associate's degree,standard,none,80,75,77,232,77.33333333333333
37,37,female,group D,some high school,free/reduced,none,50,64,59,173,57.66666666666666
443,443,female,group B,associate's degree,standard,none,73,83,76,232,77.33333333333333
610,610,male,group D,some college,free/reduced,completed,69,60,63,192,64.0
475,475,female,group D,bachelor's degree,standard,completed,71,76,83,230,76.66666666666667
594,594,female,group C,bachelor's degree,standard,completed,92,100,99,291,97.0
779,779,male,group E,associate's degree,standard,completed,94,85,82,261,87.0
34,34,male,group E,some college,standard,none,97,87,82,266,88.66666666666667
602,602,female,group E,some college,standard,none,76,78,80,234,78.0
68,68,male,group B,associate's degree,free/reduced,none,61,58,56,175,58.333333333333336
593,593,female,group E,high school,standard,none,74,76,73,223,74.33333333333333
730,730,female,group B,associate's degree,free/reduced,completed,68,77,80,225,75.0
561,561,female,group C,some college,standard,none,63,74,74,211,70.33333333333333
426,426,male,group C,bachelor's degree,standard,none,86,83,86,255,85.0
784,784,male,group C,bachelor's degree,standard,completed,91,81,79,251,83.66666666666667
500,500,female,group D,master's degree,standard,none,74,79,82,235,78.33333333333333
975,975,female,group C,some college,standard,completed,64,82,77,223,74.33333333333333
721,721,male,group D,some high school,free/reduced,completed,55,59,59,173,57.66666666666666
920,920,male,group D,high school,free/reduced,none,69,70,67,206,68.66666666666667
241,241,female,group E,bachelor's degree,standard,none,80,83,83,246,82.0
868,868,male,group E,associate's degree,free/reduced,completed,78,74,72,224,74.66666666666667
968,968,female,group E,associate's degree,standard,none,68,76,67,211,70.33333333333333
635,635,male,group A,high school,standard,none,71,74,64,209,69.66666666666667
563,563,female,group D,some college,free/reduced,completed,63,80,80,223,74.33333333333333
86,86,female,group C,some college,free/reduced,none,76,83,88,247,82.33333333333333
473,473,female,group D,some high school,standard,none,59,67,61,187,62.333333333333336
531,531,female,group C,some high school,standard,none,47,54,53,154,51.333333333333336
717,717,female,group C,associate's degree,standard,completed,96,96,99,291,97.0
242,242,female,group D,high school,standard,none,56,52,55,163,54.333333333333336
636,636,female,group B,high school,free/reduced,completed,67,80,81,228,76.0
364,364,male,group C,some college,standard,none,59,60,58,177,59.0
996,996,male,group C,high school,free/reduced,none,62,55,55,172,57.333333333333336
555,555,female,group C,some college,free/reduced,none,32,39,33,104,34.666666666666664
998,998,female,group D,some college,standard,completed,68,78,77,223,74.33333333333333
411,411,male,group E,some college,standard,completed,84,83,78,245,81.66666666666667
107,107,male,group E,associate's degree,standard,completed,66,63,64,193,64.33333333333333
114,114,female,group E,bachelor's degree,standard,completed,99,100,100,299,99.66666666666669
816,816,female,group A,bachelor's degree,standard,none,45,59,64,168,56.0
964,964,male,group D,some college,standard,none,72,57,58,187,62.333333333333336
695,695,female,group D,some college,free/reduced,none,79,89,86,254,84.66666666666667
85,85,female,group C,some college,standard,none,73,80,82,235,78.33333333333333
659,659,male,group D,associate's degree,standard,none,90,87,85,262,87.33333333333333
647,647,female,group E,high school,free/reduced,none,64,62,68,194,64.66666666666667
942,942,male,group C,high school,standard,none,81,66,64,211,70.33333333333333
165,165,female,group C,bachelor's degree,standard,completed,96,100,100,296,98.66666666666669
493,493,female,group C,bachelor's degree,standard,none,81,88,90,259,86.33333333333333
819,819,female,group C,some high school,standard,none,77,91,88,256,85.33333333333333
308,308,female,group B,associate's degree,free/reduced,none,53,71,67,191,63.66666666666666
55,55,female,group C,high school,free/reduced,none,33,41,43,117,39.0
901,901,female,group C,master's degree,standard,none,73,78,74,225,75.0
985,985,male,group A,high school,standard,none,57,51,54,162,54.0
304,304,female,group C,associate's degree,standard,completed,74,75,83,232,77.33333333333333
390,390,male,group E,some high school,free/reduced,completed,73,67,59,199,66.33333333333333
93,93,male,group C,associate's degree,free/reduced,completed,43,45,50,138,46.0
438,438,male,group C,high school,standard,none,70,56,51,177,59.0
175,175,female,group C,master's degree,standard,completed,81,91,87,259,86.33333333333333
795,795,female,group E,associate's degree,free/reduced,completed,57,68,73,198,66.0
454,454,female,group C,associate's degree,free/reduced,none,53,61,62,176,58.66666666666666
71,71,male,group D,some college,standard,completed,63,55,63,181,60.333333333333336
2,2,female,group B,master's degree,standard,none,90,95,93,278,92.66666666666669
70,70,female,group D,some college,free/reduced,completed,58,63,73,194,64.66666666666667
679,679,male,group D,some college,free/reduced,none,63,61,60,184,61.333333333333336
639,639,female,group D,associate's degree,standard,none,76,74,73,223,74.33333333333333
587,587,female,group C,bachelor's degree,free/reduced,none,44,63,62,169,56.333333333333336
535,535,female,group C,bachelor's degree,free/reduced,completed,66,83,83,232,77.33333333333333
741,741,female,group A,associate's degree,free/reduced,none,37,57,56,150,50.0
324,324,female,group C,high school,free/reduced,none,41,46,43,130,43.333333333333336
590,590,male,group C,some college,free/reduced,none,58,57,54,169,56.333333333333336
254,254,male,group D,high school,standard,none,54,52,52,158,52.66666666666666
983,983,female,group A,some college,standard,completed,78,87,91,256,85.33333333333333
7,7,male,group B,some college,free/reduced,none,40,43,39,122,40.66666666666666
434,434,male,group C,some high school,standard,none,73,66,66,205,68.33333333333333
106,106,female,group D,master's degree,standard,none,87,100,100,287,95.66666666666669
247,247,female,group B,high school,standard,completed,58,70,68,196,65.33333333333333
508,508,male,group C,master's degree,standard,none,79,78,77,234,78.0
958,958,female,group D,high school,standard,none,45,63,59,167,55.66666666666666
155,155,female,group C,some college,standard,completed,70,89,88,247,82.33333333333333
713,713,male,group D,master's degree,standard,none,81,81,84,246,82.0
521,521,female,group C,associate's degree,standard,none,91,86,84,261,87.0
265,265,male,group D,some high school,free/reduced,none,59,42,41,142,47.333333333333336
788,788,male,group C,associate's degree,free/reduced,none,68,65,61,194,64.66666666666667
439,439,male,group D,some high school,standard,completed,89,88,82,259,86.33333333333333
599,599,female,group D,some high school,standard,none,65,82,81,228,76.0
786,786,female,group E,some high school,free/reduced,none,72,79,77,228,76.0
27,27,female,group C,bachelor's degree,standard,none,67,69,75,211,70.33333333333333
211,211,male,group C,some college,free/reduced,none,35,28,27,90,30.0
185,185,male,group C,associate's degree,free/reduced,completed,65,67,65,197,65.66666666666667
572,572,female,group C,some college,standard,none,53,62,56,171,57.0
567,567,female,group D,master's degree,free/reduced,completed,61,71,78,210,70.0
451,451,female,group E,some college,standard,none,100,92,97,289,96.33333333333331
463,463,female,group C,some college,free/reduced,none,77,90,91,258,86.0
477,477,male,group D,associate's degree,standard,none,80,68,72,220,73.33333333333333
81,81,male,group B,high school,free/reduced,none,49,45,45,139,46.333333333333336
763,763,female,group B,high school,standard,none,62,62,63,187,62.333333333333336
5,5,female,group B,associate's degree,standard,none,71,83,78,232,77.33333333333333
88,88,female,group A,some college,standard,none,58,70,67,195,65.0
311,311,male,group B,bachelor's degree,standard,none,66,60,57,183,61.0
895,895,female,group E,some high school,free/reduced,none,32,34,38,104,34.666666666666664
92,92,male,group C,high school,standard,none,71,79,71,221,73.66666666666667
970,970,female,group D,bachelor's degree,standard,none,89,100,100,289,96.33333333333331
315,315,male,group C,high school,standard,none,71,66,65,202,67.33333333333333
144,144,male,group D,some college,standard,none,88,73,78,239,79.66666666666667
760,760,female,group C,high school,free/reduced,none,53,72,64,189,63.0
488,488,male,group B,some high school,standard,completed,64,53,57,174,58.0
160,160,male,group B,associate's degree,free/reduced,completed,82,78,74,234,78.0
198,198,female,group B,some college,free/reduced,none,45,53,55,153,51.0
989,989,female,group D,some college,free/reduced,completed,67,86,83,236,78.66666666666667
310,310,female,group B,associate's degree,standard,none,73,76,80,229,76.33333333333333
617,617,male,group D,bachelor's degree,standard,none,88,78,83,249,83.0
316,316,female,group D,master's degree,standard,completed,77,82,91,250,83.33333333333333
754,754,male,group C,associate's degree,free/reduced,none,58,55,53,166,55.333333333333336
698,698,female,group D,associate's degree,standard,completed,57,78,79,214,71.33333333333333
203,203,female,group B,associate's degree,standard,none,57,69,68,194,64.66666666666667
940,940,male,group C,master's degree,free/reduced,completed,72,66,72,210,70.0
288,288,male,group B,bachelor's degree,free/reduced,none,88,75,76,239,79.66666666666667
539,539,male,group A,associate's degree,standard,completed,97,92,86,275,91.66666666666669
615,615,female,group C,high school,standard,none,60,68,72,200,66.66666666666667
278,278,female,group C,some high school,free/reduced,none,65,86,80,231,77.0
98,98,female,group D,some college,free/reduced,none,58,67,62,187,62.333333333333336
319,319,female,group D,associate's degree,free/reduced,none,56,65,63,184,61.333333333333336
994,994,male,group A,high school,standard,none,63,63,62,188,62.66666666666666
233,233,male,group E,some high school,standard,none,92,87,78,257,85.66666666666667
367,367,male,group C,bachelor's degree,free/reduced,none,61,66,61,188,62.66666666666666
152,152,female,group B,associate's degree,standard,completed,59,70,66,195,65.0
505,505,female,group B,some high school,standard,none,82,82,80,244,81.33333333333333
756,756,male,group D,some college,standard,none,55,58,52,165,55.0
912,912,female,group C,bachelor's degree,standard,completed,52,61,66,179,59.66666666666666
566,566,female,group E,bachelor's degree,free/reduced,completed,92,100,100,292,97.33333333333331
42,42,female,group B,associate's degree,standard,none,53,58,65,176,58.66666666666666
831,831,female,group C,bachelor's degree,free/reduced,completed,74,86,89,249,83.0
765,765,female,group B,high school,standard,none,74,72,72,218,72.66666666666667
715,715,female,group B,associate's degree,free/reduced,completed,76,94,87,257,85.66666666666667
891,891,female,group E,associate's degree,standard,none,85,92,85,262,87.33333333333333
77,77,male,group A,bachelor's degree,standard,completed,80,78,81,239,79.66666666666667
49,49,male,group C,high school,standard,completed,82,84,82,248,82.66666666666667
648,648,female,group B,high school,standard,none,50,53,55,158,52.66666666666666
232,232,female,group B,bachelor's degree,standard,none,67,86,83,236,78.66666666666667
523,523,male,group C,master's degree,free/reduced,none,54,59,50,163,54.333333333333336
554,554,male,group E,associate's degree,standard,none,53,45,40,138,46.0
876,876,male,group D,some college,standard,none,81,82,84,247,82.33333333333333
518,518,female,group D,some high school,standard,completed,66,78,78,222,74.0
401,401,male,group A,some college,standard,none,53,43,43,139,46.333333333333336
207,207,male,group E,high school,standard,completed,81,80,76,237,79.0
189,189,female,group C,bachelor's degree,standard,none,77,88,87,252,84.0
697,697,female,group A,bachelor's degree,standard,none,59,72,70,201,67.0
420,420,female,group C,associate's degree,free/reduced,completed,82,93,93,268,89.33333333333333
598,598,female,group D,high school,standard,none,69,77,73,219,73.0
799,799,female,group C,associate's degree,standard,none,52,55,57,164,54.66666666666666
36,36,female,group D,associate's degree,standard,none,74,81,83,238,79.33333333333333
490,490,female,group A,associate's degree,free/reduced,none,65,85,76,226,75.33333333333333
270,270,male,group C,bachelor's degree,standard,none,69,63,61,193,64.33333333333333
824,824,female,group C,some high school,free/reduced,none,48,58,52,158,52.66666666666666
158,158,female,group B,associate's degree,standard,completed,61,86,87,234,78.0
638,638,male,group E,some college,standard,none,86,76,74,236,78.66666666666667
110,110,female,group D,associate's degree,free/reduced,completed,77,89,98,264,88.0
196,196,male,group C,some high school,free/reduced,completed,59,69,65,193,64.33333333333333
486,486,male,group D,some college,free/reduced,none,61,47,56,164,54.66666666666666
17,17,female,group B,some high school,free/reduced,none,18,32,28,78,26.0
268,268,female,group D,associate's degree,standard,completed,88,92,95,275,91.66666666666669
24,24,male,group D,bachelor's degree,free/reduced,completed,74,71,80,225,75.0
380,380,female,group B,associate's degree,standard,none,80,86,83,249,83.0
930,930,male,group C,some college,free/reduced,completed,67,74,70,211,70.33333333333333
908,908,female,group C,bachelor's degree,free/reduced,none,67,75,72,214,71.33333333333333
181,181,female,group C,some college,free/reduced,none,46,64,66,176,58.66666666666666
264,264,male,group D,high school,standard,none,76,73,68,217,72.33333333333333
814,814,female,group C,high school,standard,none,72,80,83,235,78.33333333333333
215,215,male,group B,some high school,standard,completed,84,83,75,242,80.66666666666667
456,456,female,group D,bachelor's degree,standard,none,79,89,89,257,85.66666666666667
886,886,female,group E,associate's degree,standard,completed,93,100,95,288,96.0
569,569,male,group D,bachelor's degree,free/reduced,none,68,68,67,203,67.66666666666667
309,309,female,group D,high school,free/reduced,none,49,57,52,158,52.66666666666666
398,398,male,group B,some high school,standard,none,74,63,57,194,64.66666666666667
577,577,female,group B,high school,standard,none,81,91,89,261,87.0
15,15,female,group C,some high school,standard,none,69,75,78,222,74.0
632,632,female,group B,bachelor's degree,standard,completed,66,74,81,221,73.66666666666667
377,377,female,group D,master's degree,free/reduced,completed,85,95,100,280,93.33333333333331
580,580,female,group D,some high school,standard,none,81,97,96,274,91.33333333333331
163,163,male,group C,high school,standard,none,52,53,49,154,51.333333333333336
725,725,male,group E,some college,standard,completed,81,74,71,226,75.33333333333333
957,957,female,group D,master's degree,standard,none,92,100,100,292,97.33333333333331
607,607,female,group C,master's degree,free/reduced,none,40,58,54,152,50.66666666666666
544,544,female,group D,master's degree,standard,none,64,63,66,193,64.33333333333333
892,892,female,group A,master's degree,free/reduced,none,50,67,73,190,63.333333333333336
643,643,female,group E,high school,standard,completed,74,79,80,233,77.66666666666667
414,414,female,group C,bachelor's degree,free/reduced,completed,51,72,79,202,67.33333333333333
971,971,male,group C,some high school,standard,completed,78,72,69,219,73.0
